"AUTHOR","AUTH_NAME"
0,"Anonymus"
1,"Chytrý Milan"
2,"Sádlo Jiří"
3,"Tichý Lubomír - botanik"
4,"Härtel Handrij"
5,"Duchoslav Martin"
6,"Šumberová Kateřina"
7,"Zlatník Alois"
8,"Vicherek Jiří"
9,"Danihelka Jiří"
10,"Korneck Dieter"
11,"Horák Jaroslav"
12,"Grulich Vít"
13,"Chmelař Jindřích"
14,"Vorel Jaromír"
15,"Chytil Petr"
20,"Ambrož Josef"
21,"Balátová-Tuláčková Emilie"
22,"Bednář Vratislav"
23,"Berciková Milena"
24,"Blažková Denisa"
25,"Březina Přemysl"
26,"Bureš Leo"
27,"Burešová Zuzana"
28,"Cílková M."
29,"Černohous František"
30,"Husák Štěpán"
31,"Neuhäuslová=Novotná=Dovolil.Z."
32,"Eliáš Pavol sen."
33,"Fiala Karel"
34,"Fiedler Josef"
35,"Firbas Franz"
36,"Grüll František"
37,"Hadač Emil"
38,"Rambousková Hana"
39,"Sofron Jaromír"
40,"Štursa Jan"
41,"Váňa Jiří"
42,"Hejný Slavomil"
43,"Pyšek Antonín"
44,"Pyšek Petr"
45,"Jehlík Vladimír"
46,"Kopecký Karel"
47,"Krippelová Terézia"
48,"Moravec Jaroslav"
49,"Neuhäusl Robert"
50,"Holub Josef"
51,"Čeřovský Jan"
52,"Rydlo Jaroslav"
53,"Husáková Jana"
54,"Husová Miroslava"
55,"Mandák Bohumil"
56,"Andresová Jitka"
57,"Jakucs Pál"
58,"Jílek Bohumil"
59,"Jurko Anton"
60,"Jeník Jan"
62,"Kästner Max"
63,"Flössner Willy"
64,"Klika Jaromír"
65,"Šmarda Jan"
66,"Šmarda František"
67,"Klimeš Leoš"
68,"Kurková J."
69,"Petříček Václav"
70,"Řehořek Vladimír"
71,"Smejkal Miroslav"
72,"Osbornová Jana"
73,"Kovář Pavel"
74,"Krahulec František"
75,"Lepš Jan"
76,"Rauch Ota"
77,"Prach Karel"
78,"Krippel Eduard"
79,"Mucina Ladislav"
80,"Valachovič Milan"
81,"Jarolímek Ivan"
82,"Janišová Monika"
83,"Stanová Viera"
84,"Škodová Iveta"
85,"Kropáč Zdeněk"
86,"Mochnacký Sergej"
87,"Kubíková Jarmila"
88,"Molíková Martina"
89,"Málek Jaromír"
90,"Mezera Alois"
91,"Mráz Karel"
92,"Samek Věroslav"
93,"Mikyška Rudolf"
94,"Nesvadbová Jaroslava"
95,"Oťaheľová Helena"
96,"Pišta František"
97,"Preis Karl"
98,"Šandová Miroslava"
99,"Rejmánek Marcel"
100,"Sýkora Tomáš"
101,"Rivola Milan"
102,"Rybníček Kamil"
103,"Sillinger Pavol"
104,"Slabý Pavel"
105,"Štěpán Jan"
106,"Vondráček Miroslav"
107,"Papáčková Lenka"
108,"Kočí Martin"
109,"Studnička Miloslav"
110,"Stuchlý Jan"
111,"Šomšák Ladislav"
112,"Špániková Anatólia"
113,"Tlusták Vlastimil"
114,"Domin Karel"
115,"Toman Miloslav"
116,"Válek Bohumil"
117,"Viceníková Andrea"
118,"Vallová-Štolcová Eva"
119,"Koráb Jaroslav"
120,"Unar Jiří"
121,"Višňák Richard"
122,"Wagnerová Zuzana"
123,"Málková Jitka"
124,"Maglocký Štefan"
125,"Šeffer Ján"
126,"Tkačíková = Novosadová Jana"
127,"Cigánek David"
128,"Demianová = Horáková Viera"
129,"Knollová = Kuželová Ilona"
130,"Pavlíčková Petra"
131,"Kudělová Jarmila"
132,"Lustyk Pavel"
133,"Řepka Radomír"
134,"Hájek Michal"
135,"Kolbek Jiří"
136,"Šimr Jan"
137,"Jirásek Jaroslav"
138,"Ambros Zdeněk"
139,"Ambrozek Libor"
140,"Bernátová Dana"
141,"Cvachová Alžbeta"
142,"Urbanová Viktória"
143,"Dubová = Darebníková Jaroslava"
144,"Dúbravcová Zuzana"
145,"Hajdúk Juraj"
146,"Kliment Ján"
147,"Fajmonová Eva"
148,"Hájková Alena"
149,"Herben Tomáš"
150,"Hlaváček Rudolf"
151,"Hroudová Zdena"
152,"Lippl Leoš"
153,"Kubinská Anna"
154,"Slavíková Jiřina"
155,"Majzlanová Eva"
156,"Manica Miroslav"
157,"Miadok Daniel"
158,"Michalková Eleonóra"
159,"Dostálek Jiří"
160,"Zaliberová Mária"
161,"Peciar Vojtech"
162,"Hrouda Lubomír"
163,"Ružičková Helena"
164,"Sedláčková Marie"
165,"Šeda Zdeněk"
166,"Šoltés Rudolf"
167,"Turoňová Danuše"
168,"Vydrová Alena"
169,"Pešout Pavel"
170,"Bureš Petr"
171,"Zlinská Janka"
172,"Vozárová Marta"
173,"Zmrhalová Magda"
174,"Banásová Viera"
175,"Böswartová Jarmila"
176,"Šrůtek Miroslav"
177,"Háberová Izabela"
178,"Čech Luděk"
179,"Řičánek Miroslav"
180,"Kontriš Jaroslav"
181,"Kontrišová Oľga"
182,"Kovářová Marcela"
183,"Stalmach Jan"
184,"Ščepka Albert"
185,"Štefka Leoš"
186,"Uherčíková Eva"
187,"Vaněčková Ludmila"
188,"Krajina Vladimír"
189,"Chlapek Jindřich"
190,"Otýpková Zdenka"
191,"Strudl Michael"
192,"Pokorny-Strudl Maria"
193,"Knapp Hans Dieter"
194,"Böhnert Wolfgang"
195,"Suza Jindřich"
196,"Říčan Gustav Adolf"
197,"Kaplan Zdeněk"
198,"Dostál Josef"
199,"Rafajová Marie"
200,"Kincl Lubomír"
201,"Kučera Tomáš"
202,"Futák Ján"
203,"Hilitzer Alfred"
204,"Jaroš Vítězslav"
205,"Michalko Ján"
206,"Džatko Michal"
207,"Plesník Pavol"
208,"Magic Dezider"
209,"Berta Ján"
210,"Novotný Č."
211,"Svoboda P."
212,"Ostrý Ivan"
213,"Obuch Ján"
214,"Marhold Karol"
215,"Unarová Marie"
216,"Kubát Karel"
217,"Vaněček Josef"
218,"Foltínová J."
219,"Paclová Libuše"
220,"Tučeková J."
221,"Hrabovcová J."
222,"Komárková Věra"
223,"Petrík Anton"
224,"Lukniš Milan"
225,"Adamec Lubomír"
226,"Vološčuk Ivan"
227,"Suchá J."
228,"Bělohlávková Radmila"
229,"Fišerová Daniela"
230,"Hašková Jana"
231,"Pivničková Marie"
232,"Sajverová E."
233,"Ružička Milan"
234,"Randuška Dušan"
235,"Ježek Vojtěch"
236,"Dražil Tomáš"
237,"Mladý František"
238,"Kneblová Vlasta"
239,"Muranský Stanislav"
240,"Pohl Franz"
241,"Pospíšil Valentin"
242,"Križo Milan"
243,"Májovský Jozef"
244,"Osvačilová Věra"
245,"Matějka Karel"
246,"Dohnal Zdeněk"
247,"Grebenščikov Oleg"
248,"Holubičková Bohumila"
249,"Klečka Antonín"
250,"Košťál Jaroslav"
251,"Velísek Václav"
252,"Bosáčková E."
253,"Kropáčová Alexandra"
254,"Nevole Josef"
255,"Klement Oscar"
256,"Kühn František"
257,"Hejtmánek Jiří"
258,"Koutecký Bohuslav"
259,"Altmannová M."
260,"Baláž Daniel"
261,"Bohušová K."
262,"Balcerkiewicz Stanisław"
263,"Mládek Jan"
264,"Braun-Blanquet Josias"
265,"Buraľ M."
266,"Danáková Anna"
267,"Dobšovičová H."
268,"Dzubinová"
269,"Fraňo A."
270,"Gruna Bronislav"
271,"Gutte Peter"
272,"Halada Ľuboš"
273,"Haraslínová"
274,"Hilbert H."
275,"Hodálová Iva"
276,"Holotová Eugénia"
277,"Hrivnák Richard"
278,"Hrozienčík M."
279,"Janovicová Katarína"
280,"Jarošová E."
281,"Kaleta Milan"
282,"Karasová Emília"
283,"Klescht Viliam"
284,"Kochjarová Judita"
285,"Králik Tibor"
286,"Kremlová"
287,"Kvarteková Stela"
288,"Kulczyński Stanisław"
289,"Kyseľová Zuzana"
290,"Michalko Martin"
291,"Migra Vladimír"
292,"Mráz Patrik"
293,"Turisová = Ondrejová Ingrid"
294,"Passarge Harro"
295,"Pawłowski Bogumił"
296,"Pietorová Eva"
297,"Pilous Zdeněk"
298,"Pitoniak Pavol"
299,"Ralski Edward"
300,"Removčíková O."
301,"Ružičková J."
302,"Smiešková M."
303,"Soldán Zdeněk"
304,"Stano Vladimír"
305,"Staszkiewicz J."
306,"Svinčák"
307,"Szafer Wladyslaw"
308,"Szenasiová A."
309,"Topercer Ján"
310,"Treskoňová"
311,"Turis Peter"
312,"Turečková"
313,"Uhlířová Jana"
314,"Varečková B."
315,"Veselá M."
316,"Vilčeková"
317,"Zahradníková-Rošetská Kamila"
318,"Hluštíková Marie"
319,"Černušáková Danica"
320,"Šefferová E."
321,"Uhlířová = Šimeková Jana"
322,"Školek Jozef"
323,"Škovirová Katarína"
324,"Šuchová H."
325,"Koó Anton J."
326,"Anenkhonov Oleg A."
327,"Ünal Aslan"
328,"Schwarz Friedrich"
329,"Hédl Radim"
330,"Jakubková Martina"
331,"Minksová Kateřina"
332,"Horáková H."
333,"Neubauerová R."
334,"Procházka J."
335,"Balounová Zuzana"
336,"Paukertová Ivana"
337,"Dušek J."
338,"Hanáková = Heinzová Petra"
339,"Popelářová = Derková Marie"
340,"Petrů Martina"
341,"Štech Milan"
342,"Čáp Jaroslav"
343,"Valouch S."
344,"Novák Jan"
345,"Lysák Filip"
346,"Fér Tomáš"
347,"Mejstřík V."
348,"Wildová = Freiová Radka"
349,"Wild Jan"
350,"Pilko M."
351,"Galvánek Dobromil"
352,"Dřevojan Pavel"
353,"Dostál Petr"
354,"Kulíšek Petr"
355,"Kuneš Petr"
356,"Sklenář Petr"
357,"Petřík Petr"
358,"Brabec Jiří"
359,"Abazid Daniel"
360,"Kučerová = Kolmanová Andrea"
361,"Vojta Jaroslav"
362,"Černý Tomáš"
363,"Nováková D."
364,"Hoffmann Aleš"
365,"Čechová Jana"
366,"Morávková Květa"
367,"Boháčiková E."
368,"Pecháčková = Kettnerová Sylvie"
369,"Fabšičová Martina"
370,"Gutzerová Naděžda"
371,"Reiterová Lenka"
372,"Špryňar Pavel"
373,"Hanušová = Zdražílková Magda"
374,"Zelená Věra"
375,"Švendová K."
376,"Chocholoušková = Třeštíková Zd"
377,"Fošumová Pavlína"
378,"Rektoris Ladislav"
379,"Albrecht Josef"
380,"Hartmann Friedrich-Karl"
381,"Suchara Ivan"
382,"Čížková S."
383,"Trávníček Bohumil"
384,"Matějková Ivona"
385,"Lososová Zdeňka"
386,"Schubert Rudolf"
387,"Štursová Helena"
388,"Matuszkiewicz Władysław"
389,"Hueck Kurt"
390,"Němec Jiří"
391,"Řezníčková = Havlová Marcela"
392,"Dvořáčková = Juřičková Kamila"
393,"Juřička Jiří"
394,"Filippov Petr"
395,"Hustáková Karin"
396,"Albín Robert"
397,"Paloudová Marcela"
400,"Rozsypalová Zuzana"
403,"Petrová Michaela"
404,"Prinz Karl"
405,"Volf F."
406,"Koblihová Helena"
407,"Linhart J."
408,"Klaudisová Alexandra"
409,"Kolková Jana"
410,"Hantáková L."
411,"Slavík Bohumil"
412,"Gazda Jaroslav"
413,"Vacek Stanislav"
414,"Saul Jiří"
415,"Duhová E."
416,"Řezáč Milan"
417,"Kuncová Jaromíra"
418,"Duda Josef"
419,"Geringhoff Heiner"
420,"Roubal Antonín"
421,"Kosinová-Kučerová Jana"
422,"Kučera Stanislav"
423,"Soukupová Lenka"
424,"Mattauch F."
425,"Vymyslický Tomáš"
426,"Bartošová Libuše"
427,"Míka V."
428,"Moravcová = Čechová L."
429,"Eltsova Viktoria"
430,"Sobotková V."
431,"Gogela Jaromír"
432,"Krkavec František"
433,"Kulich Jaroslav"
434,"Bíba M."
435,"Müller Jiří"
436,"Nevečeřal Petr"
437,"Průša Eduard"
438,"Viewegh Jiří"
439,"Hrdina Pavel"
440,"Roubínková O."
441,"Víchová A."
442,"Koutecká Věra"
443,"Jatiová Matilda"
444,"Krejčík Karel"
445,"Vágenknecht Vlastizdar"
446,"Rokytová Miloslava"
447,"Durdík Miloš"
448,"Hradecká Dana"
449,"Uhlířová Ivana"
450,"Nový Pavel"
451,"Felnerová Mariana"
452,"Brabec Eduard"
453,"Večerková G."
454,"Halčinová B."
455,"Malina Patrik"
456,"Blahoudková H."
457,"Zatloukal V."
458,"Pěnčíková M."
459,"Ducháčková L."
460,"Bouchalová L."
461,"Horáková E."
462,"Gábová = Odložilíková Kateřina"
463,"Grygar F."
464,"Borunský Jan"
465,"Gadasová M."
466,"Pilčík T."
467,"Seifert I."
468,"Trávníčková Věra"
469,"Hrabovský Stanislav"
470,"Matoušková I."
471,"Matějčková K."
472,"Slavoňovský František"
473,"Machová Iva"
474,"Zakopal V."
475,"Krontorád Karel"
476,"Chrtková Ana"
477,"Faltysová = Nováková Helena"
478,"Pivoňková Lenka"
479,"Ježek Zdeněk"
480,"Zákravský Petr"
481,"Štěpánková Jitka"
482,"Raynoch Bedřich"
483,"Skalický Vladimír"
484,"Dlouhý Rudolf"
485,"Baumová Helena"
486,"Macková Z."
487,"Leopoldová Jaroslava"
488,"Hradílek Zbyněk"
489,"Růžička Ivan"
490,"Pavlů Lenka"
491,"Pujmanová L."
492,"Cais Jiří"
493,"Studničková Irena"
494,"Hostička Miloš"
495,"Čížek Karel"
496,"Kučerová Jarmila"
497,"Sýkora L."
498,"Albrechtová Alena"
499,"Knížetová Ludmila"
500,"Kučerová Věra"
501,"Černý Rostislav"
502,"Toběrná Věra"
503,"Brusová Renata"
504,"Sedláčková Danuše"
505,"Golde A."
506,"Müller Frank"
507,"Hadinec Jiří"
508,"Nekvasilová = Kalinová Hana"
509,"Kubešová Svatava"
510,"Houšková Eva"
511,"Abtová Margita"
512,"Kučera Jan"
513,"Hamerský Roman"
514,"Plánská Marta"
515,"Čapková Marie"
516,"Nováková Jana"
517,"Deyl Miloš"
518,"Formanová Irena"
519,"Skuhrovec Josef"
520,"Pluhař Viktor"
521,"Krčilová Jitka"
522,"Unar Pavel"
523,"Švarc Jaromír"
524,"Meduna K."
525,"Horňanský J."
526,"Novotný Ivan"
527,"Svobodová Jitka"
528,"Voráčková Z."
529,"Šmiták Jindřich"
530,"Vlach V."
531,"Koblížek Jaroslav"
532,"Jongepier Jan Willem"
533,"Faltys Vladimír"
534,"Šteklová A."
535,"Zlámalík Josef"
536,"Meduna V."
537,"Seidl"
538,"Král Jiří"
539,"Ráčilová Marta"
540,"Chlumská Libuše"
541,"Neuschlová Šárka"
542,"Sýkorová Jarmila"
543,"Stoeva P. Milka"
544,"Podpěra Josef"
555,"Buršík J."
556,"Cipra J."
557,"Černý J."
558,"Zelenková D."
559,"Zelenková K."
560,"Červenka J."
561,"Hladilin V."
562,"Jiráček J."
563,"Melichar M."
564,"Roubík J."
565,"Samec P."
566,"Vitner Č."
567,"Vokoun J."
568,"Bartoň R."
569,"Klinka Karel"
570,"Krátký J."
571,"Kurz K."
572,"Majer J."
573,"Nejedlý F."
574,"Plíva Karel"
575,"Prchal J."
576,"Prošek V."
577,"Strejc J."
578,"Tichý L. - lesník"
579,"Pěnička L."
580,"Smejkal J."
581,"Vondráček R."
582,"Buchta V."
583,"Gregor J."
584,"Havlíček K."
585,"Mikeska Miroslav"
586,"Podhorník J."
587,"Bělík M."
588,"Cichra D."
589,"Černohlávek J."
590,"Driml J."
591,"Fiala P."
592,"Juřenčák J."
593,"Kelbl M."
594,"Krobot M."
595,"Lazebníček Jiří"
596,"Mazal M."
597,"Nikl J."
598,"Plintovič M."
599,"Prudič Zdeněk"
600,"Holuša J."
601,"Holuša Otakar"
602,"Satora M."
603,"Togner J."
604,"Lekeš V."
605,"Peřina J."
606,"Tobek Z."
607,"Bednář Z."
608,"Kusbach Antonín"
609,"Macek L."
610,"Sýkora M."
611,"Vajner P."
612,"Pašek M."
613,"Rejmond A."
614,"Boček M."
615,"Kučírek Lubomír"
616,"Mrázek J."
617,"Tichý J."
618,"Karlík Petr"
619,"Hájková = Burianová Petra"
620,"Dančák Martin"
621,"Jongepierová Ivana"
622,"Vondrák Jan"
623,"Prymusová Zdenka"
624,"Sigmond J."
625,"Mudra Petr"
626,"Bímová Kateřina"
628,"Belicová Jiřina"
629,"Adámková = Havránková Helena"
630,"Juchelková B."
631,"Čechurová Olga"
632,"Šustr Pavel"
633,"Šmilauer Petr"
634,"Novotná Klára"
635,"Kriesl Antonín"
636,"Stančík Daniel"
637,"Dědečková Veronika"
638,"Müller-Stoll Wolfgang R."
639,"Boublík Karel"
641,"Musil A."
642,"Maděra Petr"
643,"Štykar Jan"
644,"Lacina Jan"
645,"Buček Antonín"
646,"Figer F."
647,"Gerišová Zoja"
648,"Hartman Zdeněk"
649,"Heroldová Marta"
650,"Mannová Veronika"
651,"Tesař V."
652,"Špačková Petr"
653,"Šanderová = Opavová Alena"
654,"Businský Roman"
655,"Holubová Jitka"
656,"Melichar Vladimír"
657,"Holub Vladimír"
658,"Hirsch Martin"
659,"Sedláček T."
660,"Zouhar Václav"
661,"Navrátilová = Ernestová Jana"
662,"Božková Jana"
663,"Králová Štěpánka"
664,"Fajmon Karel"
665,"Malý František"
666,"Špelinová = Průchová Markéta"
667,"Pelánková = Lučeničová Barbora"
668,"Němcová Jana"
669,"Zelený David"
670,"Antonín Vladimír"
671,"Vašíček Ferdinand"
672,"Roleček Jan"
673,"Vincenecová Karla"
674,"Podlenová Linda"
675,"Střelcová K."
676,"Válek V."
677,"Špaček Jan"
678,"Heligerová Milada"
679,"Kotouč Libor"
680,"Gerža Michal"
681,"Brieger Friedrich"
682,"Dvořáková Olga"
683,"Kirschner Jan"
684,"Štěpánek Jan"
685,"Rybka Vlastik"
686,"Lorber Josef"
687,"Martinovský J."
688,"Bílý H."
689,"Puchmajerová Marie"
690,"Bílek Ondřej"
691,"Kusák Pavel"
692,"Cimalová Šárka"
693,"Halúzová = Straková  Jana"
694,"Wika S."
695,"Douda Jan"
696,"Šponar Dušan"
697,"Jaroš Pavel"
698,"Humplík J."
699,"Vítková Michaela"
700,"Prausová = Zárubová Romana"
701,"Milka Dušan"
702,"Stavělová Eva"
703,"Wünschová Andrea"
704,"Havlík Jan"
705,"Malíková Eliška"
706,"Helánová Klára"
707,"Simonová = Láníková Deana"
708,"Sládek J."
709,"Bartoňová = Bravencová Lydie"
710,"Slunský František"
711,"Urc Alan"
712,"Procházková Lenka"
713,"Jančová D."
714,"Lojda J."
715,"Lecjaksová S."
716,"Bártová E."
717,"Špatenková I."
718,"Filippovová Jarmila"
719,"Rusňák Josef"
720,"Hrázský Záboj"
721,"Kučerová Anna"
722,"Ekrt Libor"
723,"Bauer Petr"
724,"Král Jar. (lesník)"
725,"Březovják Š."
726,"Pipek J."
727,"Dort M."
728,"Vrbický J."
729,"Riezner J."
730,"Šula Bohumil"
731,"Stránská M."
732,"Lukášová E."
733,"Kovanda Miloslav"
734,"Kosík V."
735,"Hejda Martin"
736,"Merunková Kristina"
737,"Kavalcová Věra"
738,"Homola T."
739,"Lukšíková Hana"
740,"Ekrtová = Hofhanzlová Ester"
741,"Holovský M."
742,"Martínek Karel"
743,"Effmertová = Štěrbová Jitka"
744,"Větvička Václav"
745,"Labonková L."
746,"Štolcová Karolina"
747,"Ondráček Čestmír"
748,"Sovík Zbyněk"
749,"Urbánková Jarmila"
750,"Fajmonová = Rozbrojová Zuzana"
751,"Nosková I."
752,"Lepší Martin"
753,"Jiroušek Martin"
754,"Myšková Zuzana"
755,"Štechová = Jakšicová Táňa"
756,"Neuwirthová H."
757,"Marková Ivana"
758,"Urbanová Zuzana"
759,"Pašťalková Hana"
760,"Zikmund M."
761,"Krtičková Martina"
762,"Klíma R."
763,"Soušek Z."
764,"Horváth M."
765,"Brych Pavel"
766,"Schlägelová J."
767,"Káňa J."
768,"Žárník Milan"
769,"Joza Vít"
770,"Češka Adolf"
771,"Dítě Daniel"
772,"Dudová = Navrátilová Lydie"
773,"Štefánek Michal"
774,"Pokorný J."
775,"Čámská Klára"
776,"Chrtek Jindřich"
777,"Kůrková I."
778,"Hummel J."
780,"Křívánek Martin"
781,"Vávra J."
782,"Tomáš A."
783,"Rabbová J."
784,"Klaudys Martin"
785,"Strnad V."
786,"Tlustý V."
787,"Podhajská Zdenka"
788,"Kříž K."
789,"Kulíková V."
790,"Kocourková Jana"
791,"Krechler J."
792,"Somol V."
793,"Cachovanová Lucia"
794,"Hájek Aleš"
799,"Eremiášová Renata"
807,"Leischner P."
808,"Malíková L."
812,"Pekárová Jana"
821,"Lvončík Samuel"
822,"Chludová K."
823,"Juříček Michal"
824,"Plesková Zuzana"
825,"Vild Ondřej"
826,"Filípková K."
828,"Hrčka Daniel"
832,"Axmanová = Veselá Irena"
833,"Němec B."
834,"Lachmanová Lenka"
835,"Vrána Jan"
836,"Harčarik Josef"
837,"Dvořák Daniel"
838,"Holubová = Michalcová Dana"
839,"Těšitel Jakub"
840,"Rydlo Jan"
841,"Pantůček Roman"
842,"Březnová M."
843,"Dovrtěl J."
844,"Pařízek M."
845,"Šmeralová Zdeňka"
846,"Ryznarová Alžběta"
847,"Vašátko Jaroslav"
848,"Kurka Rudolf"
849,"Koutecká = Chaloupecká Eva"
850,"Koutecký Petr"
851,"Gonda Marek"
852,"Sladký Jiří"
853,"Tájek Přemysl"
854,"Stanzel Jan"
855,"Bartošová Martina"
856,"Čečil František"
857,"Procházka František"
858,"Kovařík Jiří"
859,"Wagner B."
860,"Losová Jana"
861,"Chocholová Jana"
862,"Eiblová V."
863,"Rada Pavel"
864,"Sekera M."
865,"Bufková Ivana"
866,"Kalusová Veronika"
867,"Nejezchlebová Martina"
868,"Žáková Kristýna"
869,"Hadincová Věra"
870,"Horodyská Eliška"
871,"Mazák Michal"
872,"Sekerková Hana"
873,"Dolejší Ctibor"
874,"Šmarda Petr"
875,"Náhlíková Tereza"
876,"Nová Jana"
877,"Plocek Alexander"
878,"Richter F."
879,"Novotná P."
880,"Soušková P."
881,"Stöcker Gerhard"
882,"Burda Jan"
883,"Sedláček Vojtěch"
884,"Bucharová Anna"
885,"Dostálek Tomáš"
886,"Dvořák Václav"
887,"Míková Jana"
888,"Paulič Radim"
889,"Rejzek Tomáš"
890,"Truhlářová Kateřina"
891,"Veleba Adam"
892,"Veselý Pavel"
893,"Čepelová Barbora"
894,"Koloničná Martina"
895,"Lepší Petr"
896,"Posslová = Kůrová Jana"
897,"Bubíková Kateřina"
898,"Peterka Tomáš"
899,"Šmerdová = Hettenbergerová Eva"
900,"Sekulová Lucia"
901,"Hašková V."
902,"Kratochvílová Lucie"
903,"Laburdová Jitka"
904,"Lipner Tomáš"
905,"Běťák Jan"
906,"Opršalová Irena"
907,"Pánková Hana"
908,"Šafářová Lenka"
909,"Vacková D."
910,"Novák Pavel"
911,"Járová Iveta"
912,"Jírů Blanka"
913,"Buriánek Václav"
914,"Krátký Michal"
915,"Dostalík Slavomír"
916,"Münzbergová Zuzana"
917,"Kozáková Markéta"
918,"Rynkrová Denisa"
919,"Bureš Slavomír"
920,"Devánová Katarína"
921,"Šmídová Anna"
922,"Dočkalová Zuzana"
923,"Melingerová M."
924,"Macák Miroslav"
925,"Hilbig Werner"
926,"Juřica Jan"
927,"Medonosová E."
928,"Plunder Michal"
929,"Albrecht Petr"
930,"Nepraš Karel"
931,"Hušková Blažena"
932,"Dvořáková Jana"
933,"Navrátilová Zdeňka"
934,"Wittenberg Georg"
935,"Špulák Ondřej"
936,"Möllerová Jana"
937,"Koubková Tereza"
938,"Hejdová Monika"
939,"Sojneková Martina"
940,"Petřík Zbyněk"
941,"Šefl Jiří"
942,"Hložková Irena"
943,"Vrška Tomáš"
944,"Bělohoubek Jiří"
945,"Šenkýř Milan"
946,"Lešková Martina"
947,"Rivolová Ludmila"
948,"Opravil Emanuel"
949,"Dvořák Josef"
950,"Sedláková Lucie"
951,"Velčovská Martina"
952,"Leugnerová Gabriela"
953,"Halas Petr"
954,"Kalníková Veronika"
955,"Čuprová Tereza"
956,"Parmová Šárka"
957,"Frantík Tomáš"
958,"Táborská Markéta"
959,"Šigutová Lucie"
960,"Janáková Jana"
961,"Koptík Jiří"
962,"Svačina Tomáš"
963,"Krolová Monika"
964,"Mužíková Bronislava"
965,"Jírová Alena"
966,"Klečková Lucie"
967,"Dingová Alica"
968,"Němec Radomír"
969,"Dlouhá Veronika"
970,"Rotreklová Olga"
971,"Jelínek František"
972,"Kalous Roman"
973,"Vaněk Jiří"
974,"Švacha Antonín"
975,"Samková Věra"
976,"Velebil Jiří"
977,"Zmeškalová Jana"
978,"Duzbaba Libor"
979,"Bultas Petr"
980,"Rottenborn Jan"
981,"Trčka Adam"
982,"Růžičková Tereza"
983,"Marková = Čížková Štěpánka"
984,"Zítková Iva"
985,"Palpurina = Todorova Salza"
986,"Prančl Jan"
987,"Roučková Romana"
988,"Hašková Andrea"
989,"Píšťková Kateřina"
990,"Čejková Alžběta"
991,"Smoczyk Michał"
992,"Krása Petr"
993,"Zedínek Tomáš"
994,"Benediktová Lucie"
995,"Ďoubalová Jana"
996,"Galda Jiří"
997,"Olšiaková Magdalena"
998,"Bastl Marek"
999,"Fronková Zuzana"
1000,"Ondrová Vlasta"
1001,"Daněk Pavel"
1002,"Chytrá = Prokešová Helena"
1003,"Zukal Dominik"
1004,"Hruban Jaroslav"
1005,"Koutecký Tomáš"
1006,"Martinec Pavel"
1007,"Komárek Josef"
1008,"Šiková Linda"
1009,"Ťažár Anton"
1010,"Vejborová Tereza"
1011,"Porubská Nikola"
1012,"Houzarová Hana"
1013,"Hrubý Zdeněk"
1014,"Chvojková Eva"
1015,"Hájek Miroslav"
1016,"Šímová Irena"
1017,"Košnar Jan"
1018,"Vašut Radim"
1019,"Kirschnerová Ludmila"
1020,"Zábranská Dagmar"
1021,"Marková Zuzana"
1022,"Prknová Hana"
1023,"Černý Martin"
1024,"Banaš Marek"
1025,"Čápová Jiřina"
1026,"Kolář Filip"
1027,"Ducháček Michal"
1028,"Kalíšková Šárka"
1029,"Hlinická Veronika"
1030,"Kučerová Jana"
1031,"Kabátová Klára"
1032,"Holič Filip"
1033,"Višňáková Meda"
1034,"Kocián Petr"
1035,"Kubešová Magdalena"
1036,"Suda Jan"
1037,"Lučanová Magdalena"
1038,"Hanzl Martin"
1039,"Dortová Markéta"
1040,"Vlčková Pavla"
1041,"Knotek Adam"
1042,"Horáčková Jitka"
1043,"Tichý Tomáš"
1044,"Gálová Andrea"
1045,"Rozbrojová Zdenka"
1046,"Malíček Jiří"
1047,"Křížek Pavel"
1048,"Kocián Jiří"
1049,"Hlisnikovský David"
1050,"Jiráská Šárka"
1051,"Kulíková Anna"
1052,"Srnková Veronika"
1053,"Klinerová Tereza"
1054,"Tlachačová Klára"
1055,"Uhýrková Dagmar"
1056,"Bartošová Anežka"
1057,"Czernik Adrián"
1058,"Kutlvašr Josef"
1059,"Hlinková Daniela"
1060,"Jindra Ivan"
1061,"Babej Ján"
1062,"Kuncová Jana"
1063,"Vojík Martin"
1064,"Divíšek Jan"
1065,"Večeřa Martin"
1066,"Knápek Ondřej"
1067,"Landucci Flavia"
1068,"Harásek Martin"
1069,"Sovíková Lenka"
1070,"Hrubanová = Dršková Monika"
1071,"Friedl Michal"
1072,"Doležal Jan"
1073,"Vavrincová Petra"
1074,"Bartoš Marcel"
1075,"Ouřada Jiří"
1076,"Jungmannová Anna"
1077,"Prágr J."
1078,"Dohnal J."
1079,"Grabařová S."
1080,"Chaloupka V."
1081,"Pecháček J."
1082,"Štěrba Tadeáš"
1083,"Hruban R."
1084,"Drmota L."
1085,"Eybl T."
1086,"Hedrich J."
1087,"Kotil V."
1088,"Kotková J."
1089,"Mikušková J."
1090,"Taubr K."
1091,"Polepil M."
1092,"Bednář P."
1093,"Lipowski M."
1094,"Remešová M."
1095,"Novák F."
1096,"Mach S."
1097,"Bátor M."
1098,"Kuc M."
1099,"Vicher M."
1100,"Szkandera J."
1101,"Šubrt J."
1102,"Slunčík V."
1103,"Šidlák M."
1104,"Lžičař J."
1105,"Řičánková J."
1106,"Císařová J."
1107,"Jiráková Jarmila"
1108,"Donátová Klára"
1109,"Kadaš Daniel"
1110,"Chytrý Kryštof"
1111,"Řehounková Klára"
1112,"Broum Miroslav"
1113,"Karešová Petra"
1114,"Chudomelová Markéta"
1115,"Böckelmann Jörg"
1116,"Taraška Vojtěch"
1117,"Adámek Martin"
1118,"Bálková Lenka"
1119,"Hubatka Petr"
1120,"Friesová = Klinkovská Klára"
1121,"Kopčan Branislav"
1122,"Rohel Jaroslav"
1123,"Husek Václav"
1124,"Szokala Daniel"
1125,"Sobotka Vojtěch"
1126,"Borovyk = Shyriaieva Dariia"
1127,"Šamonil Pavel"
1128,"Havlíková Barbora"
1129,"Šimák Martin"
1130,"Barbora Hubáčková"
1131,"Iarema Viktor"
1132,"Nunvářová Kabátová Klára"
1133,"Bobek Přemysl"
1134,"Mudrák Ondřej"
1135,"Dvořák Miroslav"
1136,"Jandová Lenka"
1137,"Hornych Ondřej"
1138,"Kotilínek Milan"
1139,"Mlynaříková Kristýna"
1140,"Prach Jindřich"
1141,"Šašek Jan"
1142,"Ševčíková Jana"
1143,"Šoltysová Vladimíra"
1144,"Šťastný Martin"
1145,"Šturma Jan A."
1146,"Havelka Kryštof"
1147,"Vrátný Luboš"
1148,"Filipová Martina"
1149,"Vacek Michal"
1150,"Kolombová Natálie"
1151,"Szamosiová Juliana"
1152,"Šaldová Eva"
1153,"Brodecký Pavel"
1154,"Novická Adéla"
1155,"Prokopová Lenka"
1156,"Suntychová Eliška"
1157,"Martínková Eva"
1158,"Vejvodová Kateřina"
1159,"Kantor Adam"
1160,"Cudlín Ondřej"
1161,"Duda Tomáš"
1162,"Duchoň Mário"
1163,"Janík David"
1164,"Krajinová Kateřina"
1165,"Kulík P."
1166,"Ohryzková Lucie"
1167,"Suszka Petr"
1168,"Urbaňcová Naděžda"
1169,"Černíková Zuzana"
1170,"Šotkovský František"
1171,"Zámečník Jaroslav"
1172,"Beleš David"
1173,"Walter Jan"
1174,"Čížková Hana"
1175,"Jará Nicol"
