"SYNTAX_OLD","SYNTAXON_OLD_NAME"
"01","ASPLENIETEA TRICHOMANIS"
"01A","POTENTILLETALIA CAULESCENTIS"
"01AA","Potentillion caulescentis"
"01AA01","Asplenietum trichomano-rutae-murariae"
"01AB","Cystopteridion"
"01AB01","Asplenio-Cystopteridetum fragilis"
"01AB02","Asplenio rutae-murariae-Gymnocarpietum robertiani"
"01AC","Asplenion serpentini"
"01AC01","Sedo albi-Cheilanthetum marantae"
"01AC02","Asplenietum serpentini"
"01B","ANDROSACETALIA VANDELLII"
"01BA","Androsacion vandellii"
"01BA01","Woodsio ilvensis-Asplenietum septentrionalis"
"01BA02","Asplenietum septentrionalis"
"01BA03","Biscutello-Asplenietum septentrionalis"
"01BA04","Asplenietum septentrionali-adianti-nigri"
"01C","FESTUCETALIA VERSICOLORIS"
"01CA","Agrostion alpinae"
"01CA01","Saxifrago paniculatae-Agrostietum alpinae"
"01CA02","Hedysaro hedysaroidis-Molinietum"
"01CA03","Saxifrago oppositifoliae-Festucetum versicoloris"
"02","PARIETARIETEA"
"02A","PARIETARIETALIA JUDAICAE"
"02AA","Centrantho-Parietarion"
"02AA01","Cymbalarietum muralis"
"02AA02","Corydalidetum luteae"
"03","THLASPIETEA ROTUNDIFOLII"
"03A","ANDROSACETALIA ALPINAE"
"03AA","Androsacion alpinae"
"03AA01","Cryptogrammetum crispae"
"03B","STIPETALIA CALAMAGROSTIS"
"03BA","Stipion calamagrostis"
"03BA01","Dryopteridetum robertianae"
"03BA02","Galeopsietum angustifoliae"
"03BA03","Melicetum ciliatae"
"04","JUNCETEA TRIFIDI"
"04A","CARICETALIA CURVULAE"
"04AA","Juncion trifidi"
"04AA01","Agrostis rupestris-Juncus trifidus spol."
"04AA02","Carici rigidae-Juncetum trifidi"
"04AA03","Empetro hermaphroditi-Juncetum trifidi"
"04AA04","Cetrario-Festucetum supinae"
"04AA05","Molinio coeruleae-Agrostietum"
"04AA06","Festuco supinae-Polytrichetum piliferi"
"04AB","Nardo-Caricion rigidae"
"04AB01","Carici fyllae-Nardetum"
"05","SALICETEA HERBACEAE"
"05A","SALICETALIA HERBACEAE"
"05AA","Salicion herbaceae"
"05AA01","Polytrichetum sexangularis"
"05AA02","Polytricho gracilis-Nardetum"
"06","MULGEDIO-ACONITETEA"
"06A","ADENOSTYLETALIA"
"06AA","Adenostylion"
"06AA01","Adenostyletum alliariae"
"06AA02","Mulgedietum alpini"
"06AA03","Pado-Sorbetum"
"06AA04","Salicetum lapponum"
"06AA05","Laserpitio-Dactylidetum glomeratae"
"06AA06","Trollio altissimi-Geranietum sylvatici"
"06AB","Dryopterido-Athyrion"
"06AB01","Adenostyli-Athyrietum alpestris"
"06AB02","Gentiano pannonicae-Athyrietum alpestris"
"06AB03","Daphno mezerei-Dryopteridetum filicis-maris"
"06AB04","Athyrietum alpestris"
"06B","CALAMAGROSTIETALIA VILLOSAE"
"06BA","Calamagrostion villosae"
"06BA01","Avenastro planiculmis-Poetum chaixii"
"06BA02","Deschampsio flexuosae-Calamagrostietum villosae"
"06BA03","Crepido-Calamagrostietum villosae"
"06BA04","Sphagno compacti-Molinietum coeruleae"
"06BA05","Sileno vulgaris-Calamagrostietum villosae"
"06BB","Calamagrostion arundinaceae"
"06BB01","Bupleuro-Calamagrostietum arundinaceae"
"06BC","Poo chaixii-Deschampsion caespitosae"
"06BC01","Poo chaixii-Deschampsietum caespitosae"
"06BC02","Bistorto-Deschampsietum alpicolae"
"07","LEMNETEA"
"07A","LEMNETALIA MINORIS"
"07AA","Lemnion minoris"
"07AA01","Lemnetum trisulcae"
"07AA02","Riccietum fluitantis"
"07AA03","Riccietum rhenanae"
"07AA04","Wolffietum arrhizae"
"07AA05","Lemnetum minoris"
"07AA06","Ricciocarpetum natantis"
"07AA07","Lemno-Spirodeletum"
"07AA08","Salvinio-Spirodeletum polyrrhizae"
"07AA09","Lemnetum gibbae"
"07B","LEMNO-UTRICULARIETALIA"
"07BA","Utricularion vulgaris"
"07BA01","Lemno-Utricularietum vulgaris"
"07BA02","Utricularietum australis"
"07C","HYDROCHARITETALIA"
"07CA","Hydrocharition"
"07CA01","Hydrocharitetum morsus-ranae"
"07CA02","Stratiotetum aloidis"
"07CA03","Ceratophylletum demersi"
"08","CHARETEA FRAGILIS"
"08A","NITELLETALIA FLEXILIS"
"08AA","Nitellion flexilis"
"08AA01","Nitelletum flexilis"
"08AA02","Charetum braunii"
"08B","CHARETALIA HISPIDAE"
"08BA","Charion asperae"
"08BA01","Charetum asperae"
"08BA02","Charetum hispidae"
"08BB","Charion vulgaris"
"08BB01","Charetum vulgaris"
"08BC","Charion fragilis"
"08BC01","Charetum globularis"
"08BD","Charion canescentis"
"08BD01","Charetum canescentis"
"09","POTAMETEA"
"09A","POTAMETALIA"
"09AA","Nymphaeion albae"
"09AA01","Myriophyllo-Nupharetum"
"09AA02","Nupharo lutei-Nymphaeetum albae"
"09AA03","Potamo natantis-Nymphaeetum candidae"
"09AA04","Nupharetum pumilae"
"09AA05","Trapetum natantis"
"09AA06","Nymphoidetum peltatae"
"09AA07","Polygonetum amphibii (natantis)"
"09AB","Magnopotamion"
"09AB'","Potamenion polygonifolii"
"09AB01","Potametum panormitano-graminei"
"09AB02","Potametum colorati"
"09AB''","Potamenion lucentis"
"09AB03","Potametum lucentis"
"09AB04","Potametum perfoliati"
"09AB05","Elodeetum canadensis"
"09AB06","Myriophylletum spicati"
"09AB07","Myriophylletum verticillati"
"09AB08","Potametum alpini"
"09AB09","Ceratophylletum submersi"
"09AB010","Groenlandietum densae"
"09AB011","Potametum nodosi"
"09AC","Parvopotamion"
"09AC01","Parvopotamo-Zannichellietum palustris"
"09AC02","Parvopotamo-Zannichellietum pedicellatae"
"09AC03","Potametum trichoidis"
"09AC04","Najadetum marinae"
"09AC05","Najadetum minoris"
"09AC06","Potametum crispi"
"09AC07","Potametum obtusifolii"
"09B","CALLITRICHO-BATRACHIETALIA"
"09BA","Batrachion fluitantis"
"09BA01","Batrachietum fluitantis"
"09BA02","Myriophylletum alterniflori"
"09BA03","Batrachio-Callitrichetum hamulatae"
"09BA04","Sparganio-Potametum pectinati"
"09BB","Batrachion aquatilis"
"09BB01","Batrachietum aquatili-peltatae"
"09BB02","Batrachio trichophylli-Callitrichetum cophocarpae"
"09BB03","Batrachietum circinati"
"09BB04","Batrachietum rionii"
"09BB05","Hottonietum palustris"
"09BB06","Callitrichetum hermaphroditicae"
"10","ISOETO-LITTORELLETEA"
"10A","LITTORELLETALIA"
"10AA","Isoetion lacustris"
"10AA01","Isoetetum echinosporae"
"10AA02","Isoetes lacustris spol."
"10AA03","Sparganium angustifolium spol."
"10AB","Littorellion uniflorae"
"10AB01","Littorello-Eleocharitetum acicularis"
"10AB02","Eleocharis acicularis spol."
"10AB03","Pilularietum globuliferae"
"10AB04","Ranunculo flammulae-Juncetum bulbosi"
"11","UTRICULARIETEA"
"11A","UTRICULARIETALIA"
"11AA","Sphagno-Utricularion"
"11AA01","Sparganietum minimi"
"11AA02","Scorpidio-Utricularietum minoris"
"11AA03","Sphagno-Utricularietum intermediae"
"12","ISOETO-NANOJUNCETEA"
"12A","NANOCYPERETALIA"
"12AA","Eleocharition ovatae"
"12AA01","Eleocharito ovatae-Caricetum bohemicae"
"12AA02","Cypero fusci-Juncetum bufonii"
"12AA03","Gypsophilo muralis-Juncetum bufonii"
"12AA04","Coleantho-Spergularietum echinospermae"
"12AA05","Dichostyli-Gnaphalietum uliginosi"
"12AA06","Peplido-Eleocharitetum ovatae"
"12AA07","Lindernio-Eleocharitetum ovatae"
"12AB","Radiolion linoidis"
"12AB01","Centunculo-Anthoceretum punctati"
"12AB02","Junco tenageiae-Radioletum linoidis"
"12AB03","Hyperico humifusi-Spergularietum rubrae"
"12AB04","Stellario-Scirpetum setacei"
"12AC","Nanocyperion flavescentis"
"12AC01","Cyperetum flavescentis"
"12AC02","Samolo-Cyperetum fusci"
"13","PHRAGMITO-MAGNOCARICETEA"
"13A","PHRAGMITETALIA"
"13AA","Phragmition communis"
"13AA01","Scirpetum lacustris"
"13AA02","Typhetum angustifoliae"
"13AA03","Phragmitetum communis"
"13AA04","Glycerietum maximae"
"13AA05","Typhetum latifoliae"
"13AA06","Typhetum laxmannii"
"13AA07","Sparganietum erecti"
"13AA08","Acoretum calami"
"13AA09","Equisetetum fluviatilis"
"13B","BOLBOSCHOENETALIA MARITIMI"
"13BA","Scirpion maritimi"
"13BA01","Bolboschoenetum maritimi"
"13BA02","Schoenoplectetum tabernaemontani"
"13C","OENANTHETALIA AQUATICAE"
"13CA","Oenanthion aquaticae"
"13CA01","Glycerio fluitantis-Oenanthetum aquaticae"
"13CA02","Rorippo amphibiae-Oenanthetum aquaticae"
"13CA03","Sagittario-Sparganietum emersi"
"13CA04","Hippuridetum vulgaris"
"13CA05","Scirpetum radicantis"
"13CA06","Eleocharitetum palustris"
"13CA07","Butomo-Alismatetum plantaginis-aquaticae"
"13CA08","Butomo-Alismatetum lanceolati"
"13D","NASTURTIO-GLYCERIETALIA"
"13DA","Phalaridion arundinaceae"
"13DA01","Rorippo-Phalaridetum arundinaceae"
"13DA02","Petasito-Phalaridetum arundinaceae"
"13DA03","Caricetum buekii"
"13DA04","Calamagrostietum pseudophragmitis"
"13DA05","Chaerophyllo-Phalaridetum arundinaceae"
"13DB","Sparganio-Glycerion fluitantis"
"13DB01","Glycerietum fluitantis"
"13DB02","Glycerietum plicatae"
"13DB03","Glycerietum nemoralis-plicatae"
"13DB04","Helosciadietum"
"13DB05","Beruletum angustifoliae"
"13DB06","Nasturtietum officinalis"
"13DB07","Catabrosetum aquaticae"
"13DB08","Leersietum oryzoidis"
"13E","MAGNOCARICETALIA"
"13EA","Carici-Rumicion hydrolapathi"
"13EA01","Cicuto-Caricetum pseudocyperi"
"13EA02","Calletum palustris"
"13EB","Magnocaricion elatae"
"13EB01","Caricetum elatae"
"13EB02","Cladietum marisci"
"13EC","Caricion rostratae"
"13EC01","Caricetum rostratae"
"13EC02","Caricetum appropinquatae"
"13EC03","Caricetum paniculatae"
"13EC04","Caricetum diandrae"
"13EC05","Peucedano-Caricetum lasiocarpae"
"13EC06","Comaro-Caricetum cespitosae"
"13ED","Caricion gracilis"
"13ED01","Caricetum gracilis"
"13ED02","Caricetum vesicariae"
"13ED03","Caricetum ripariae"
"13ED04","Caricetum distichae"
"13ED05","Caricetum acutiformis"
"13ED06","Caricetum vulpinae"
"13ED07","Phalaridetum arundinaceae"
"14","CRYPSIETEA ACULEATAE"
"14A","CRYPSIETALIA ACULEATAE"
"14AA","Cypero-Spergularion salinae"
"14AA01","Crypsietum aculeatae"
"14AA02","Crypsietum schoenoidis"
"15","THERO-SUAEDETEA"
"15A","THERO-SUAEDETALIA"
"15AA","Thero-Suaedion"
"15AA01","Spergulario marginatae-Suaedetum prostratae"
"16","THERO-SALICORNIETEA STRICTAE"
"16A","THERO-SALICORNIETALIA STRICTAE"
"16AA","Thero-Salicornion strictae"
"16AA01","Salicornietum prostratae"
"17","FESTUCO-PUCCINELLIETEA"
"17A","SCORZONERO-JUNCETALIA GERARDII"
"17AA","Scorzonero-Juncion gerardii"
"17AA01","Junco gerardii-Scorzoneretum parviflorae"
"17B","FESTUCO-PUCCINELLIETALIA"
"17BA","Puccinellion limosae"
"17BA01","Puccinellietum limosae"
"18","MONTIO-CARDAMINETEA"
"18A","MONTIO-CARDAMINETALIA"
"18AA","Cardamino-Montion"
"18AA01","Caltho minoris-Philonotidetum seriatae"
"18AB","Cardaminion amarae"
"18AB01","Cardaminetum amarae"
"18AB02","Cardamino-Chrysosplenietum alternifolii"
"18AB03","Chrysosplenietum oppositifolii"
"18AB04","Veronico montanae-Caricetum remotae"
"18AB05","Chaerophyllo-Petasitetum albi"
"18AC","Swertio-Anisothecion squarrosi"
"18AC01","Mniobryetum albicantis"
"18AC02","Allio sibirici-Cratoneuretum filicini"
"18AC03","Allietum sibirici"
"18AC04","Crepido paludosae-Philonotidetum seriatae"
"18AC05","Epilobio alsinifolii-Philonotidetum seriatae"
"18AC06","Swertietum perennis"
"18B","CARDAMINO-CRATONEURETALIA"
"18BA","Lycopodo-Cratoneurion commutati"
"18BA01","Pellio endiviifoliae-Cratoneuretum commutati"
"19","SCHEUCHZERIO-CARICETEA FUSCAE"
"19A","CARICETALIA FUSCAE"
"19AA","Caricion fuscae"
"19AA01","Caricetum goodenowii"
"19AA02","Willemetio-Caricetum paniceae"
"19AB","Caricion davallianae"
"19AB01","Juncetum subnodulosi"
"19AB02","Eleocharitetum pauciflorae"
"19AB03","Valeriano dioicae-Caricetum davallianae"
"19AB04","Schoenetum nigricantis"
"19AB05","Seslerietum uliginosae"
"19AC","Caricion lasiocarpae"
"19AC01","Drepanoclado revolventis-Caricetum lasiocarpae"
"19AC02","Amblystegio scorpioidis-Caricetum limosae"
"19AC03","Valeriano-Caricetum flavae"
"19AC04","Amblystegio stellati-Caricetum dioicae"
"19AC05","Drepanoclado revolventis-Caricetum diandrae"
"19AD","Caricion demissae"
"19AD01","Scorpidio-Utricularietum"
"19AD02","Chrysohypno-Trichophoretum alpini"
"19AD03","Amblystegio stellati-Caricetum paniceae"
"19AE","Drepanocladion exannulati"
"19AE01","Calliergo sarmentosi-Eriophoretum angustifolii"
"19AF","Sphagno warnstorfiani-Tomenthypnion"
"19AF01","Sphagno warnstorfiani-Eriophoretum latifolii"
"19AF02","Sphagno-Caricetum lasiocarpae"
"19AF03","Sphagno-Caricetum appropinquatae"
"19AF04","Sphagno warnstorfiani-Caricetum davallianae"
"19B","SCHEUCHZERIETALIA PALUSTRIS"
"19BA","Eriophorion gracilis"
"19BA01","Agrostio caninae-Caricetum diandrae"
"19BA02","Carici limosae-Sphagnetum contorti"
"19BA03","Carici chordorrhizae-Sphagnetum obtusi"
"19BA04","Phragmito-Caricetum lasiocarpae"
"19BB","Rhynchosporion albae"
"19BB01","Sphagno subsecundi-Rhynchosporetum albae"
"19BC","Sphagno recurvi-Caricion canescentis"
"19BC01","Junco filiformis-Sphagnetum recurvi"
"19BC02","Polytricho communis-Molinietum coeruleae"
"19BC03","Carici rostratae-Sphagnetum apiculati"
"19BC04","Sphagno recurvi-Caricetum limosae"
"19BC05","Carici filiformis-Sphagnetum apiculati"
"19BC06","Carici chordorrhizae-Sphagnetum apiculati"
"19BD","Leuko-Scheuchzerion palustris"
"19BD01","Carici rostratae-Drepanocladetum fluitantis"
"19BD02","Drepanoclado fluitantis-Caricetum limosae"
"19BD03","Scheuchzerio-Sphagnetum cuspidati"
"20","OXYCOCCO-SPHAGNETEA"
"20A","SPHAGNETALIA MEDII"
"20AA","Oxycocco-Empetrion hermaphroditi"
"20AA01","Scirpo caespitosi-Sphagnetum compacti"
"20AA02","Sphagno robusti-Empetretum hermaphroditi"
"20AA03","Empetro hermaphroditi-Sphagnetum fusci"
"20AA04","Chamaemoro-Pinetum mughi"
"20AA05","Chamaemoro-Empetretum hermaphroditi"
"20AB","Sphagnion medii"
"20AB01","Eriophoro vaginati-Sphagnetum recurvi"
"20AB02","Andromedo polifoliae-Sphagnetum magellanici"
"20AB03","Eriophoro vaginati-Pinetum silvestris"
"20AB04","Pino rotundatae-Sphagnetum"
"20B","ERICO-LEDETALIA"
"20BA","Oxycocco-Ericion"
"20BA01","Scirpo austriaci-Sphagnetum papillosi"
"21","MOLINIO-ARRHENATHERETEA"
"21A","ARRHENATHERETALIA"
"21AA","Arrhenatherion"
"21AA01","Arrhenatheretum elatioris"
"21AA02","Trifolio-Festucetum rubrae"
"21AA03","Poo-Trisetetum"
"21AA04","Potentillo albae-Festucetum rubrae"
"21AA05","Phyteumato-Festucetum"
"21AB","Polygono-Trisetion"
"21AB01","Geranio-Trisetetum"
"21AB02","Melandrio-Trisetetum"
"21AB03","Cardaminopsio halleri-Agrostietum"
"21AB04","Melandrio-Phleetum alpini"
"21AB05","Meo athamantici-Cirsietum heterophylli"
"21AB06","Alopecuro-Poetum chaixii"
"21AB07","Cirsio heterophylli-Alchemilletum acutilobae"
"21AC","Cynosurion"
"21AC'","Lolio-Cynosurenion"
"21AC01","Lolio-Cynosuretum"
"21AC02","Caro-Poetum pratensis"
"21AC03","Trifolio repentis-Veronicetum filiformis"
"21AC''","Polygalo-Cynosurenion"
"21AC04","Festuco-Cynosuretum"
"21AC05","Anthoxantho-Agrostietum"
"21B","MOLINIETALIA"
"21BA","Alopecurion pratensis"
"21BA01","Alopecuretum pratensis"
"21BA02","Agropyro-Alopecuretum"
"21BA03","Stellario-Deschampsietum cespitosae"
"21BA04","Deschampsio-Senecionetum aquatici"
"21BA05","Sanguisorbo-Deschampsietum cespitosae"
"21BA06","Sanguisorbo-Polygonetum bistortae"
"21BA07","Holcetum lanati"
"21BB","Calthion"
"21BB'","Calthenion"
"21BB01","Angelico-Cirsietum oleracei"
"21BB02","Cirsietum rivularis"
"21BB03","Trollio-Cirsietum salisburgensis"
"21BB04","Polygono-Trollietum altissimi"
"21BB05","Polygono-Cirsietum palustris"
"21BB06","Angelico-Cirsietum palustris"
"21BB07","Chaerophyllo hirsuti-Calthetum"
"21BB08","Chaerophyllo hirsuti-Crepidetum paludosae"
"21BB09","Scirpo-Cirsietum cani"
"21BB10","Caricetum cespitosae"
"21BB11","Scirpetum sylvatici"
"21BB12","Polygono-Cirsietum heterophylli"
"21BB13","Deschampsio-Cirsietum heterophylli"
"21BB14","Crepido-Juncetum acutiflori"
"21BB15","Scirpo-Juncetum filiformis"
"21BB16","Junco filiformis-Polygonetum bistortae"
"21BB''","Filipendulenion"
"21BB17","Filipendulo-Geranietum palustris"
"21BB18","Lysimachio vulgaris-Filipenduletum"
"21BB19","Chaerophyllo hirsuti-Filipenduletum"
"21BB20","Valeriano procurrentis-Filipenduletum"
"21BB21","Cirsio heterophylli-Filipenduletum"
"21BB22","Filipendulo-Menthetum longifoliae"
"21BB23","Filipendulo-Epilobietum hirsuti"
"21BB24","Trollio altissimi-Filipenduletum"
"21BB25","Iridetum sibiricae"
"21BB26","Veronico longifoliae-Filipenduletum"
"21BC","Cnidion venosi"
"21BC01","Lathyro palustris-Gratioletum"
"21BC02","Gratiolo-Caricetum suzae"
"21BC03","Cnidio-Violetum pumilae"
"21BC04","Cnidio-Violetum elatioris"
"21BC05","Juncetum atrati"
"21BC06","Pseudolysimachio-Alopecuretum"
"21BD","Veronico longifoliae-Lysimachion vulgaris"
"21BD01","Lysimachio-Filipenduletum picbaueri"
"21BD02","Stachyo palustris-Thalictretum flavae"
"21BD03","Veronico longifoliae-Euphorbietum lucidae"
"21BE","Molinion"
"21BE01","Molinietum caeruleae"
"21BE02","Junco-Molinietum caeruleae"
"21BE03","Gentiano pneumonanthis-Molinietum litoralis"
"21BE04","Silaetum pratensis"
"21BE05","Serratulo-Festucetum commutatae"
"21BE06","Sanguisorbo-Festucetum pratensis"
"21BE07","Sanguisorbo-Festucetum commutatae"
"22","NARDO-CALLUNETEA"
"22A","NARDETALIA"
"22AA","Nardion"
"22AA01","Lycopodio alpini-Nardetum"
"22AA02","Thesio alpini-Nardetum"
"22AA03","Festuco supinae-Nardetum"
"22AB","Violion caninae"
"22AB01","Hyperico-Polygaletum"
"22AB02","Gymnadenio-Nardetum"
"22AB03","Nardo-Festucetum capillatae"
"22AB04","Thymo-Festucetum ovinae"
"22AB05","Carici leporinae-Agrostietum tenuis"
"22AC","Nardo-Juncion squarrosi"
"22AC01","Nardo-Juncetum squarrosi"
"22AD","Nardo-Agrostion tenuis"
"22AD01","Sileno vulgaris-Nardetum"
"22AD02","Ranunculo nemorosi-Nardetum"
"22B","CALLUNO-ULICETALIA"
"22BA","Genistion"
"22BA01","Genisto germanicae-Callunetum"
"22BA02","Calluno-Vaccinietum"
"22BA03","Arnico montanae-Callunetum"
"22BA04","Calluno-Deschampsietum"
"22BB","Euphorbio-Callunion"
"22BB01","Euphorbio cyparissiae-Callunetum"
"22BB02","Cladonio-Callunetum"
"22BB03","Antherico-Callunetum"
"22BB04","Carici humilis-Callunetum"
"22BB05","Agrostio vinealis-Genistetum pilosae"
"22BC","Vaccinion"
"22BC01","Rhodococco-Vaccinietum myrtilli"
"22BC02","Calamagrostio arundinaceae-Vaccinietum"
"22BC03","Festuco supinae-Vaccinietum myrtilli"
"23","KOELERIO-CORYNEPHORETEA"
"23A","CORYNEPHORETALIA CANESCENTIS"
"23AA","Corynephorion canescentis"
"23AA01","Thymo angustifolii-Corynephoretum canescentis"
"24","FESTUCETEA VAGINATAE"
"24A","FESTUCO-ASTRAGALETALIA ARENARII"
"24AA","Koelerion glaucae"
"24AA01","Jurineo cyanoidis-Koelerietum glaucae"
"25","SEDO-SCLERANTHETEA"
"25A","TRIFOLIO ARVENSIS-FESTUCETALIA OVINAE"
"25AA","Thero-Airion"
"25AA01","Airetum praecocis"
"25AA02","Filagini-Vulpietum"
"25AB","Arabidopsion thalianae"
"25AB01","Veronico vernae-Poetum bulbosae"
"25AB02","Gageo bohemicae-Veronicetum dillenii"
"25AB03","Arabidopsietum thalianae"
"25AC","Hyperico perforati-Scleranthion perennis"
"25AC01","Polytricho piliferi-Scleranthetum perennis"
"25AC02","Cerastio arvensis-Agrostietum pusillae"
"25AC03","Jasiono montanae-Festucetum ovinae"
"25AC04","Artemisio campestris-Corynephoretum canescentis"
"25AC05","Festucetum ovinae"
"25AC06","Festuco glaucae-Sedetum acris"
"25AC07","Hypno tamariscini-Festucetum duriusculae"
"25AD","Plantagini-Festucion ovinae"
"25AD01","Diantho deltoidis-Armerietum"
"25AD02","Thymo angustifolii-Festucetum ovinae"
"25AD03","Cerastio arvensis-Festucetum trachyphyllae"
"25AD04","Armerio-Festucetum"
"25AD05","Erysimo diffusi-Festucetum ovinae"
"25AD06","Acetosello tenuifoliae-Festucetum valesiacae"
"25AD07","Diantho serotini-Festucetum vaginatae"
"25B","ALYSSO-SEDETALIA"
"25BA","Alysso alyssoidis-Sedion albi"
"25BA01","Cerastietum pumili"
"25BA02","Saxifrago tridactylitae-Poetum compressae"
"25BA03","Alysso alyssoidis-Sedetum albi"
"25BA04","Poo badensis-Allietum montani"
"25BA05","Sempervivetum soboliferi"
"25BA06","Trifolio arvensis-Sedetum albi"
"26","FESTUCO-BROMETEA"
"26A","FESTUCETALIA VALESIACAE"
"26AA","Alysso-Festucion pallentis"
"26AA'","Alysso-Festucenion pallentis"
"26AA01","Alysso saxatilis-Festucetum pallentis"
"26AA02","Asperulo glaucae-Festucetum pallentis"
"26AA03","Allio montani-Sedetum albi"
"26AA04","Melico transsilvanicae-Sempervivetum soboliferi"
"26AA''","Potentillo arenariae-Festucenion pallentis"
"26AA05","Alysso montani-Potentilletum arenariae"
"26AA06","Potentillo arenariae-Festucetum pallentis"
"26AA07","Medicagini prostratae-Festucetum pallentis"
"26AA08","Helichryso-Festucetum pallentis"
"26AB","Helianthemo cani-Festucion pallentis"
"26AB01","Seselio glauci-Festucetum pallentis"
"26AB02","Allio montani-Sedetum boloniensis"
"26AB03","Minuartio setaceae-Thymetum angustifolii"
"26AB04","Helianthemo cani-Caricetum humilis"
"26AC","Seslerio-Festucion pallentis"
"26AC'","Poo badensis-Teucrienion montani"
"26AC01","Poo badensis-Festucetum pallentis"
"26AC''","Seslerio-Festucenion pallentis"
"26AC02","Alsino setaceae-Seslerietum calcariae"
"26AC03","Alysso saxatilis-Seslerietum variae"
"26AC04","Asplenio septentrionalis-Seslerietum variae"
"26AC'''","Cynancho vincetoxici-Seslerienion calcariae"
"26AC05","Helianthemo cani-Seslerietum calcariae"
"26AC06","Saxifrago aizoi-Seslerietum calcariae"
"26AC07","Primulo veris-Seslerietum calcariae"
"26AD","Asplenio cuneifolii-Armerion serpentini"
"26AD01","Asplenio cuneifolii-Festucetum pallentis"
"26AD02","Asplenio cuneifolii-Seslerietum calcariae"
"26AD03","Armerio serpentini-Festucetum pseudovinae"
"26AE","Festucion valesiacae"
"26AE'","Festucenion valesiacae"
"26AE01","Erysimo crepidifolii-Festucetum valesiacae"
"26AE02","Carici humilis-Festucetum sulcatae"
"26AE03","Festuco valesiacae-Stipetum capillatae"
"26AE04","Avenastro besseri-Stipetum joannis"
"26AE05","Koelerio macranthae-Stipetum joannis"
"26AE06","Pulsatillo pratensis-Festucetum valesiacae"
"26AE07","Stipetum capillatae"
"26AE08","Astragalo-Stipetum"
"26AE09","Ranunculo illyrici-Festucetum valesiacae"
"26AE10","Scabioso suaveolentis-Caricetum humilis"
"26AE11","Astragalo exscapi-Crambetum tatariae"
"26AE12","Astragalo austriaci-Stipetum capillatae"
"26AE13","Minuartio setaceae-Stipetum capillatae"
"26AE14","Agrostio pusillae-Festucetum valesiacae"
"26AE15","Fragario-Festucetum rupicolae"
"26AE16","Teucrio chamaedrys-Festucetum rupicolae"
"26AE''","Coronillo variae-Festucenion rupicolae"
"26AE17","Diantho deltoidis-Festucetum rupicolae"
"26AE'''","Astragalo austriaci-Achilleenion setaceae"
"26AE18","Salvio nemorosae-Melicetum transsilvanicae"
"26AE19","Potentillo argenteae-Achilleetum setaceae"
"26AE20","Thymo pannonici-Poetum angustifoliae"
"26AE21","Agrimonio eupatoriae-Festucetum valesiacae"
"26AE22","Podospermo laciniati-Agropyretum repentis"
"26AE23","Artemisio ponticae-Dianthetum carthusianorum"
"26AE24","Adonido vernalis-Agropyretum repentis"
"26AE25","Hyperico perforati-Festucetum valesiacae"
"26B","BROMETALIA ERECTI"
"26BA","Bromion erecti"
"26BA01","Scabioso ochroleucae-Brachypodietum pinnati"
"26BA02","Cirsio pannonici-Seslerietum calcariae"
"26BA03","Ononido spinosae-Cirsietum acaulis"
"26BA04","Festuco-Brachypodietum pinnati"
"26BA05","Adonido-Brachypodietum pinnati"
"26BA06","Lino tenuifolii-Ononidetum spinosae"
"26BA07","Pulsatillo pratensis-Globularietum elongatae"
"26BA08","Brachypodio pinnati-Seslerietum"
"26BA09","Astragalo austriaci-Brachypodietum pinnati"
"26BA10","Corothamno-Brachypodietum pinnati"
"26BA11","Potentillo albae-Brachypodietum pinnati"
"26BA12","Brachypodio-Molinietum"
"26BA13","Verbasco austriaci-Inuletum ensifoliae"
"26BA14","Salvio verticillatae-Sanguisorbetum minoris"
"26BA15","Potentillo reptantis-Caricetum flaccae"
"26BA16","Astragalo ciceris-Vicietum tenuifoliae"
"26BA17","Gentiano germanicae-Koelerietum pyramidatae"
"26BB","Koelerio-Phleion phleoidis"
"26BB01","Potentillo opacae-Festucetum sulcatae"
"26BB02","Pulsatillo pratensis-Avenochloetum pratensis"
"26BB03","Calluno-Festucetum rupicolae"
"26BB04","Scabioso-Phleetum"
"27","TRIFOLIO-GERANIETEA SANGUINEI"
"27A","ORIGANETALIA VULGARIS"
"27AA","Geranion sanguinei"
"27AA01","Geranio-Anemonetum sylvestris"
"27AA02","Geranio-Dictamnetum"
"27AA03","Peucedanetum cervariae"
"27AA04","Geranio-Trifolietum alpestris"
"27AA05","Vincetoxico hirundinariae-Origanetum vulgaris"
"27AB","Trifolion medii"
"27AB01","Trifolio medii-Agrimonietum"
"27AB02","Vicietum sylvaticae"
"27AB03","Cynancho-Calamagrostietum arundinaceae"
"28","BETULO CARPATICAE-ALNETEA VIRIDIS"
"28A","ALNETALIA VIRIDIS"
"28AA","Salicion silesiacae"
"28AA01","Salici silesiacae-Betuletum carpaticae"
"28AA02","Piceo-Salicetum silesiacae"
"29","RHAMNO-PRUNETEA"
"29A","PRUNETALIA"
"29AA","Berberidion"
"29AA01","Pruno-Ligustretum"
"29AA02","Roso gallicae-Prunetum"
"29AA03","Antherico-Coryletum"
"29AA04","Rhamno catharticae-Cornetum sanguineae"
"29AA05","Violo hirtae-Cornetum maris"
"29AA06","Prunetum mahaleb"
"29AB","Prunion spinosae"
"29AB01","Prunetum fruticosae"
"29AB02","Junipero communis-Cotoneastretum integerrimae"
"29AB03","Prunetum tenellae"
"30","SALICETEA PURPUREAE"
"30A","SALICETALIA PURPUREAE"
"30AA","Salicion triandrae"
"30AA01","Salicetum triandrae"
"30AB","Salicion eleagno-daphnoidis"
"30AB01","Agrostio-Salicetum purpureae"
"30AC","Salicion albae"
"30AC01","Salici-Populetum"
"30AC02","Salicetum albae"
"30AC03","Chaerophyllo hirsuti-Salicetum fragilis"
"31","ALNETEA GLUTINOSAE"
"31A","ALNETALIA GLUTINOSAE"
"31AA","Alnion glutinosae"
"31AA01","Carici elongatae-Alnetum"
"31AA02","Calamagrostio canescentis-Alnetum"
"31AA03","Carici acutiformis-Alnetum"
"31B","SALICETALIA AURITAE"
"31BA","Salicion cinereae"
"31BA01","Salici-Franguletum"
"31BA02","Salicetum pentandro-auritae"
"31BA03","Salicetum pentandro-cinereae"
"32","QUERCO-FAGETEA"
"32A","FAGETALIA SYLVATICAE"
"32AA","Alnion incanae"
"32AA'","Alnenion glutinoso-incanae"
"32AA01","Pruno-Fraxinetum"
"32AA02","Stellario-Alnetum glutinosae"
"32AA03","Arunco sylvestris-Alnetum glutinosae"
"32AA04","Alnetum incanae"
"32AA05","Carici remotae-Fraxinetum"
"32AA06","Piceo-Alnetum"
"32AA07","Carici-Quercetum"
"32AA''","Ulmenion"
"32AA08","Fraxino-Populetum"
"32AA09","Querco-Ulmetum"
"32AA10","Fraxino pannonicae-Ulmetum"
"32AB","Carpinion"
"32AB01","Melampyro nemorosi-Carpinetum"
"32AB02","Carici pilosae-Carpinetum"
"32AB03","Primulo veris-Carpinetum"
"32AB04","Tilio-Carpinetum"
"32AB05","Tilio-Betuletum"
"32AB06","Stellario-Tilietum"
"32AC","Tilio-Acerion"
"32AC01","Aceri-Carpinetum"
"32AC02","Lunario-Aceretum"
"32AC03","Scolopendrio-Fraxinetum"
"32AC04","Arunco-Aceretum"
"32AC05","Mercuriali-Fraxinetum"
"32AD","Fagion"
"32AD'","Eu-Fagenion"
"32AD01","Tilio platyphylli-Fagetum"
"32AD02","Tilio cordatae-Fagetum"
"32AD03","Melico-Fagetum"
"32AD04","Carici pilosae-Fagetum"
"32AD05","Dentario enneaphylli-Fagetum"
"32AD06","Dentario glandulosae-Fagetum"
"32AD07","Festuco altissimae-Fagetum"
"32AD08","Violo reichenbachianae-Fagetum"
"32AD''","Acerenion"
"32AD09","Aceri-Fagetum"
"32AD10","Daphno mezerei-Aceretum pseudoplatani"
"32AD'''","Cephalanthero-Fagenion"
"32AD11","Cephalanthero-Fagetum"
"32AD""""","Galio-Abietenion"
"32AD12","Abietetum hercynicum"
"32AD13","Equiseto-Abietetum"
"32AE","Luzulo-Fagion"
"32AE01","Luzulo-Fagetum"
"32AE02","Calamagrostio villosae-Fagetum"
"32AE03","Luzulo pilosae-Abietetum"
"32AE04","Deschampsio flexuosae-Abietetum"
"32B","QUERCETALIA PUBESCENTI-PETRAEAE"
"32BA","Quercion pubescenti-petraeae"
"32BA01","Lathyro versicoloris-Quercetum pubescentis"
"32BA02","Pruno mahaleb-Quercetum pubescentis"
"32BA03","Sorbo torminalis-Quercetum"
"32BA04","Lithospermo-Quercetum"
"32BA05","Corno-Quercetum"
"32BA06","Potentillo albae-Quercetum"
"32BA07","Genisto pilosae-Quercetum petraeae"
"33","QUERCETEA ROBORI-PETRAEAE"
"33A","QUERCETALIA ROBORI-PETRAEAE"
"33AA","Genisto germanicae-Quercion"
"33AA01","Luzulo albidae-Quercetum"
"33AA02","Molinio arundinaceae-Quercetum"
"33AA03","Vaccinio vitis-idaeae-Quercetum"
"33AA04","Viscario-Quercetum"
"33AA05","Calluno-Quercetum"
"33AA06","Abieti-Quercetum"
"34","ERICO-PINETEA"
"34A","ERICO-PINETALIA"
"34AA","Erico-Pinion"
"34AA01","Cytiso-Pinetum"
"35","VACCINIO-PICEETEA"
"35A","PICEETALIA EXCELSAE"
"35AA","Dicrano-Pinion"
"35AA01","Dicrano-Pinetum"
"35AA02","Cladonio rangiferinae-Pinetum sylvestris"
"35AA03","Vaccinio uliginosi-Pinetum"
"35AA04","Betulo carpaticae-Pinetum"
"35AA05","Hieracio pallidi-Pinetum"
"35AA06","Asplenio cuneifolii-Pinetum"
"35AB","Piceion excelsae"
"35AB01","Calamagrostio villosae-Piceetum"
"35AB02","Anastrepto-Piceetum"
"35AB03","Mastigobryo-Piceetum"
"35AB04","Sphagno-Piceetum"
"35AB05","Dryopterido dilatatae-Piceetum"
"35AC","Pinion mughi"
"35AC01","Myrtillo-Pinetum mughi"
"35AD","Betulion pubescentis"
"35AD01","Betuletum pubescentis"
"35B","ATHYRIO-PICEETALIA"
"35BA","Athyrio alpestris-Piceion"
"35BA01","Athyrio alpestris-Piceetum"
"36","ROBINIETEA"
"36A","CHELIDONIO-ROBINIETALIA"
"36AA","Chelidonio-Robinion"
"36AA01","Chelidonio-Robinietum"
"36AA02","Impatienti parviflorae-Robinietum"
"36AB","Balloto nigrae-Robinion"
"36AB01","Balloto nigrae-Robinietum"
"37","EPILOBIETEA ANGUSTIFOLII"
"37A","ATROPETALIA"
"37AA","Carici piluliferae-Epilobion angustifolii"
"37AA01","Epilobietum angustifolii"
"37AA02","Epilobio-Digitalietum purpureae"
"37AA03","Senecioni sylvatici-Epilobietum angustifolii"
"37AB","Atropion bellae-donnae"
"37AB01","Atropetum bellae-donnae"
"37AB02","Arctietum nemorosi"
"37AC","Rumici-Avenellion flexuosae"
"37AC01","Myrtillo-Avenelletum flexuosae"
"37AC02","Avenello-Molinietum caeruleae"
"37AC03","Calamagrostio villosae-Franguletum"
"37AC04","Junco effusi-Calamagrostietum villosae"
"37B","SAMBUCETALIA"
"37BA","Sambuco-Salicion capreae"
"37BA01","Senecionetum fuchsii"
"37BA02","Sambucetum racemosae"
"37BA03","Sambucetum nigrae"
"37BA04","Rubetum idaei"
"37BA05","Salicetum capreae"
"38","BIDENTETEA TRIPARTITAE"
"38A","BIDENTETALIA"
"38AA","Bidention tripartitae"
"38AA01","Rumicetum maritimi"
"38AA02","Bidentetum tripartitae"
"38AA03","Bidentetum cernuae"
"38AA04","Polygono brittingeri-Chenopodietum rubri"
"38AA05","Pulicario vulgaris-Bidentetum"
"38AA06","Bidens frondosa"
"39","CHENOPODIETEA"
"39A","SISYMBRIETALIA"
"39AA","Chenopodion glauci"
"39AA01","Chenopodietum glauco-rubri"
"39AA02","Chenopodio-Atriplicetum triangularis"
"39AA03","Atriplici-Chenopodietum crassifolii"
"39AA04","Chenopodietum ficifolii"
"39AA05","Puccinellio-Chenopodietum glauci"
"39AB","Malvion neglectae"
"39AB01","Malvetum neglectae"
"39AB02","Malvetum pusillae"
"39AB03","Chenopodietum muralis"
"39AB04","Chenopodietum vulvariae"
"39AB05","Matricario-Anthemidetum cotulae"
"39AC","Bromo-Hordeion murini"
"39AC01","Hordeetum murini"
"39AC02","Linario-Brometum tectorum"
"39AC03","Brometum sterilis"
"39AC04","Hordeo murini-Puccinellietum distantis"
"39AD","Sisymbrion officinalis"
"39AD01","Chenopodietum albo-viridis"
"39AD02","Chenopodietum urbici"
"39AD03","Chenopodietum stricti"
"39AD04","Atriplicetum nitentis"
"39AD05","Cynodonto-Atriplicetum tataricae"
"39AD06","Sisymbrio-Atriplicetum oblongifoliae"
"39AD07","Sisymbrietum sophiae"
"39AD08","Lactuco-Sisymbrietum altissimi"
"39AD09","Erigeronto-Lactucetum"
"39AD10","Diplotaxio tenuifoliae-Agropyretum repentis"
"39AD11","Lepidietum drabae"
"39AD12","Atriplex rosea spol."
"39B","ATRIPLICI-CHENOPODIETALIA ALBI"
"39BA","Fumario-Euphorbion"
"39BA01","Amarantho-Fumarietum"
"39BA02","Amarantho-Chenopodietum"
"39BB","Spergulo-Oxalidion"
"39BB01","Rorippo-Chenopodietum polyspermi"
"39BB02","Oxalido-Chenopodietum polyspermi"
"39BC","Panico-Setarion"
"39BC01","Setarietum viridi-verticillatae"
"39BC02","Setario-Galinsogetum"
"39C","ERAGROSTIETALIA"
"39CA","Eragrostion"
"39CA01","Panico sanguinalis-Eragrostietum minoris"
"39CA02","Hibisco-Eragrostietum"
"39CA03","Digitario-Portulacetum"
"39CA04","Eragrostio poaeoidis-Panicetum capillaris"
"39CB","Salsolion ruthenicae"
"39CB01","Chaenorrhino-Chenopodietum botryos"
"39CB02","Plantaginetum indicae"
"39CB03","Salsoletum ruthenicae"
"40","ARTEMISIETEA VULGARIS"
"40A","ONOPORDETALIA ACANTHII"
"40AA","Onopordion acanthii"
"40AA01","Onopordetum acanthii"
"40AA02","Potentillo argenteae-Artemisietum absinthii"
"40AA03","Xanthietum spinosi"
"40AA04","Lappulo-Cynoglossetum"
"40AA05","Cirsietum eriophori"
"40AB","Dauco-Melilotion"
"40AB01","Echio-Verbascetum"
"40AB02","Echio-Melilotetum"
"40AB03","Melilotetum albo-officinalis"
"40AB04","Berteroetum incanae"
"40AB05","Dauco-Picridetum"
"40AB06","Dauco-Crepidetum rhoeadifoliae"
"41","GALIO-URTICETEA"
"41A","CONVOLVULETALIA SEPIUM"
"41AA","Senecion fluviatilis"
"41AA01","Fallopio-Cucubaletum bacciferi"
"41AA02","Aristolochio-Cucubaletum bacciferi"
"41AA03","Cuscuto europaeae-Convolvuletum sepium"
"41AA04","Convolvulo-Epilobietum hirsuti"
"41AA05","Carduus crispus spol."
"41B","PETASITO-CHAEROPHYLLETALIA"
"41BA","Petasition officinalis"
"41BA01","Petasitetum albi"
"41BA02","Chaerophylletum cicutariae"
"41BA03","Petasitetum hybridi"
"41BA04","Petasitetum officinali-glabrati"
"41C","LAMIO ALBI-CHENOPODIETALIA BONI-HENRICI"
"41CA","Galio-Alliarion"
"41CA01","Alliario officinalis-Chaerophylletum temuli"
"41CA02","Epilobio-Geranietum robertiani"
"41CA03","Anthriscetum trichospermae"
"41CA04","Torilidetum japonicae"
"41CA05","Cephalarietum pilosae"
"41CB","Arction lappae"
"41CB01","Balloto nigrae-Chenopodietum boni-henrici"
"41CB02","Arctietum lappae"
"41CB03","Lamio-Conietum maculati"
"41CB04","Sambucetum ebuli"
"41CB05","Tanaceto-Artemisietum vulgaris"
"41CB06","Urtico-Artemisietum vulgaris"
"41CB07","Artemisio-Melilotetum albae"
"41CC","Aegopodion podagrariae"
"41CC01","Urtico-Aegopodietum"
"41CC02","Chaerophylletum bulbosi"
"41CC03","Chaerophylletum aromatici"
"41CC04","Chaerophylletum aurei"
"41CC05","Anthrisco nitidi-Aegopodietum"
"41CC06","Aegopodio-Menthetum longifoliae"
"41CC07","Rumici obtusifolii-Chenopodietum"
"41CC08","Anthriscetum sylvestris"
"41CC09","Urtico-Heracleetum mantegazziani"
"41CD","Rumicion alpini"
"41CD01","Rumicetum alpini"
"42","AGROPYRETEA REPENTIS"
"42A","AGROPYRETALIA REPENTIS"
"42AA","Convolvulo-Agropyrion"
"42AA01","Agropyretum repentis"
"42AA02","Cynodontetum dactyli"
"42AA03","Poo compressae-Tussilaginetum"
"42AA04","Plantagini-Poetum compressae"
"42AA05","Poetum pratensi-compressae"
"42AA06","Melico transsilvanicae-Agropyretum"
"42AA07","Falcario vulgaris-Agropyretum repentis"
"43","PLANTAGINETEA MAJORIS"
"43A","AGROSTIETALIA STOLONIFERAE"
"43AA","Agropyro-Rumicion crispi"
"43AA'","Ranunculo repentis-Rumicenion crispi"
"43AA01","Ranunculo-Alopecuretum geniculati"
"43AA02","Rumici crispi-Agrostietum stoloniferae"
"43AA03","Potentilletum anserinae"
"43AA04","Dactylido-Festucetum arundinaceae"
"43AA05","Juncetum compressi"
"43AA06","Rumici crispi-Agropyretum"
"43AA''","Loto-Trifolienion"
"43AA07","Loto-Potentilletum anserinae"
"43AA08","Agrostio-Caricetum secalinae"
"43AA09","Blysmo-Juncetum compressi"
"43AA10","Junco inflexi-Menthetum longifoliae"
"43AA11","Agrostio-Caricetum distantis"
"43AA12","Meliloto-Caricetum otrubae"
"43AA'''","Juncenion effusi"
"43AA13","Juncetum effusi"
"43B","PLANTAGINETALIA MAJORIS"
"43BA","Polygonion avicularis"
"43BA01","Herniarietum glabrae"
"43BA02","Sagino-Bryetum argentei"
"43BA03","Lolio-Plantaginetum majoris"
"43BA04","Poetum annuae"
"43BA05","Poo supinae-Alchemilletum hybridae"
"43BA06","Prunello-Plantaginetum majoris"
"43BA07","Polygonetum avicularis"
"43BA08","Eragrostio-Polygonetum avicularis"
"43BA09","Poo-Coronopodetum squamati"
"43BA10","Sclerochloo-Polygonetum avicularis"
"43BA11","Cynodonto-Plantaginetum majoris"
"43BA12","Festuco rupicolae-Lolietum perennis"
"43BA13","Juncetum tenuis"
"44","SECALIETEA"
"44A","SECALIETALIA"
"44AA","Caucalidion lappulae"
"44AA01","Caucalido daucoidis-Conringietum orientalis"
"44AA02","Lathyro-Adonidetum aestivalis"
"44AA03","Euphorbio-Melandrietum noctiflori"
"44AA04","Consolido-Anthemidetum austriacae"
"44AA05","Veronicetum hederifolio-triphylli"
"44AB","Sherardion"
"44AB01","Aethuso-Galeopsietum"
"44AC","Veronico politae-Taraxacion"
"44AC01","Valerianello-Thlaspietum perfoliati"
"44B","APERETALIA"
"44BA","Aphanion"
"44BA01","Aphano-Matricarietum chamomilae"
"44BA02","Spergulo-Scleranthetum annui"
"44BA03","Holco-Galeopsietum"
"44BA04","Erophilo-Arabidopsietum"
"44BB","Scleranthion annui"
"44BB01","Sclerantho annui-Arnoseridetum minimae"
"32BA03a","Sorbo torminalis-Quercetum typicum"
"32BA03b","Sorbo torminalis-Quercetum caricetosum humilis"
"32BA03c","Sorbo torminalis-Quercetum poetosum"
"32BA01a","Lathyro versicoloris-Quercetum pubescentis typicum"
"32BA01b","Lathyro versicoloris-Quercetum pubescentis poetos"
"32BA08","Quercetum pubescenti-roboris"
"32BA09","Carici fritschii-Quercetum roboris"
"32BA10","Asplenio cuneifolii-Quercetum petraeae"
"21AA01a","Pastinaco-Arrhenatheretum"
"21AA01b","Ranunculo bulbosi-Arrhenatheretum"
"25AB04","Veronico dillenii-Galietum pedemontani"
"27AB04","Trifolio medii-Melampyretum nemorosi"
"01BB","Hypno-Polypodion vulgaris"
"01BB01","Asplenio trichomanis-Polypodietum vulgaris"
"06AB05","Impatienti-Dryopteridetum filicis-maris"
"26AA09","Euphorbio-Festucetum pallentis"
"26AE26","Dorycnio sericei-Caricetum humilis"
"26AE27","Inulo oculi-christi-Stipetum pulcherrimae"
"26BB05","Potentillo arenariae-Agrostietum vinealis"
"32AC06","Seslerio albicantis-Tilietum cordatae"
"34AA02","Thlaspio montani-Pinetum sylvestris"
"35AA07","Cardaminopsio petraeae-Pinetum"
"26BB06","Peucedano oreoselini-Festucetum rupicolae"
"32BA11","Brachypodium pinnatum-Quercus robur comm."
"32AD14","Dryopterido dilatatae-Fagetum"
"21BB27","Scirpo-Caricetum brizoidis"
"22AD03","Polygono-Deschampsietum flexuosae"
"22AA04","Solidagini-Nardetum"
"35AB06","Equiseto-Piceetum"
"19AB06","Carici flavae-Cratoneuretum filicini"
"19BC07","Carici echinatae-Sphagnetum recurvi"
"41CE","Impatienti noli-tangerae-Stachyion sylvaticae"
"41CE01","Carici pendulae-Eupatorietum cannabini"
"18AB06","Carici remotae-Calthetum laetae"
"18AB07","Caricetum remotae"
"13DB09","Glycerio-Sparganietum neglecti"
"39BA03","Lamio amplexicauli-Thlaspietum arvensis"
"39BA04","Euphorbio helioscopiae-Veronicetum persicae"
"39BA05","Setario viridis-Veronicetum politae"
